id;producto
6109.90.00.00.90;«T-shirts»  y  camisetas interiores, de punto, de las demás materias textiles, excepto de algodón.
6109.10.00.00.00;«T-shirts» y camisetas interiores, de punto, de algodón.
6101.20.00.00.00;Abrigos,  chaquetones,  capas,  anoraks,  cazadoras y  artículos  similares,  de  punto,  para  hombres o niños, excepto los de la partida 61.03, de algodón.
6201.19.00.00.00;Abrigos,  impermeables, chaquetones, capas  y  artículos similares para hombres  o  niños, de las  demás materias textiles, excepto los de la partida 62.03.
6202.12.00.00.00;Abrigos, impermeables, chaquetones, capas y artículos similares, para mujeres o niñas, de  algodón, excepto los de  la partida 62.04.
3917.40.00.00.00;Accesorios  de  tubería, (por  ejemplo:  juntas, codos, empalmes (racores)), de plástico.
1511.10.00.00.00;Aceite de palma y sus fracciones, en bruto.
1516.20.10.00.00;Aceites  vegetales  hidrogenados usados  en  la  industria alimenticia.
3823.19.10.00.00;Aceites ácidos para la preparación de alimentos animales.
1518.00.91.00.00;Aceites de frituras usados para la preparación de alimentos de animales.
2710.19.93.00.00;Aceites lubricantes de los tipos producidos nacionalmente.
2915.21.00.00.00;Ácido acético.
3823.19.90.00.00;"Ácidos grasos monocarboxílicos industriales; aceites ácidos el refinado, excepto ácido esteárico, oleico y ácidos grasos del  «tall oil», ácidos para la preparación de alimentos de animales y el ácido behénico."
4820.10.50.00.00;Agendas de papel o cartón.
2201.10.00.00.10;Agua gaseada.
2201.10.00.00.20;Agua mineral.
3303.00.21.00.00;Aguas  de  colonia y de  tocador  con  valor  CIF  inferior a B/.4.43 el litro.
0303.41.00.00.00;Albacoras o atunes  blancos (Thunnus  alalunga), congelados, excepto filetes, hígados, huevas y lechas.
2309.90.30.00.00;Alimentos  complementarios  a  base  de concentrados de proteína.
9404.90.19.00.00;Almohadas, almohadones, asientos y cojines, excepto eléctrico y de caucho no neumático.
0102.21.00.00.00;Animales  vivos  de la especie bovina, reproductores de  raza pura domésticos.
0102.29.00.00.00;Animales vivos de la especie bovina domésticos, excepto reproductores de raza pura.
2505.90.00.00.00;Arenas naturales de  cualquier  clase, incluso  coloreadas, excepto las arenas  silíceas, cuarzosas  y  las metalíferas  del capítulo 26.
4202.32.90.00.00;Artículos de bolsillo o de bolsos de mano (carteras), con la superficie exterior  de hojas de plástico o materia textil, excepto los estuches para gafas.
3926.10.90.00.00;Artículos de oficina y artículos escolares, excepto borradores de plástico.
7907.00.10.00.00;Artículos para canalizaciones, caballetes  para tejados, claraboyas y otras manufacturas para la construccion, de cinc.
6911.10.00.00.00;Artículos para el servicio de mesa o cocina, de porcelana.
9401.69.00.00.00;Asientos con armazón de madera, excepto con relleno.
0303.42.00.00.00;Atunes   de  aleta  amarilla  (rabiles), (Thunnus  albacares),     congelados,  excepto filetes los hígados, huevas y lechas.
0302.32.00.00.00;Atunes  de  aleta  amarilla  (rabiles), (Thunnus albacares),  frescos  o  refrigerados,  excepto   los  hígados,  huevas  y  lechas.
0304.87.00.00.00;Atunes (del género Thunnus), listados o bonitos  de vientre rayado (Euthynnus (katsuwonus) pelais), en filetes, congelados.
0105.11.00.00.00;Aves de la  especie  Gallus  domesticus  vivas, de  peso  inferior o igual a 185 g.
1701.13.00.00.00;Azúcar  de  caña en bruto sin adición de aromatizantes ni colorantes, mencionado  en la nota  2 de  la subpartida de  este capítulo.
0803.90.11.00.00;Bananas (Musa balbisiaca acuminata, musa paradisiaca o musa fapientum), frescas.
3208.90.29.00.90;"Barnices a base de polímeros sintéticos  o  naturales modificados, dispersos o disueltos en un  medio  no acuoso; excepto a base de poliésteres, polímeros, acrílicos o vinílicos para cuero, para  instalaciones  eléctricas, para  artistas y  para el recubrimiento interior de envases de alimentos."
4202.12.00.00.00;Baúles,  maletas  (valijas), y maletines, incluidos los de aseo y los portadocumentos, portafolios (carteras de mano), cartapacios y continentes similares, con la superficie exterior de plástico o de materia textil.
0510.00.90.00.00;"Bilis  incluso desecada; glándulas y demás sustancias de origen animal utilizadas para la  preparación  de productos farmacéuticos, frescas, refrigeradas, congeladas o conservadas provisionalmente de otra forma."
7117.19.00.00.00;Bisuterías  de  metal  común, incluso plateadas, doradas o platinadas.
9608.10.00.00.00;Bolígrafos.
4202.22.00.00.00;Bolsos de mano (carteras), incluso  con  bandolera o sin asas, con superficie exterior de hojas  de plástico o materia textil.
4202.29.00.00.00;Bolsos de mano (carteras), incluso con  bandolera o  sin asas, excepto con superficie exterior  de cuero natural, regenerado, hojas  de  plástico  o  materia textil.
7010.90.92.00.90;"Bombonas (damajuanas), botellas, frascos, bocales, tarros, envases tubulares y demás recipientes para el transporte o envasado,  de vidrio; bocales  para conservas de  vidrio con capacidad  superior  a  30 cc y superior a  50 g de peso de los tipos fabricados en el país. "
5810.99.90.00.00;Bordados de las demás materias textiles, excepto insignias para uniformes.
3926.10.10.00.00;Borradores de plástico.
6108.21.00.00.00;Bragas (bombachas, calzones) (incluso las que no llegan hasta la cintura), de punto, para  mujeres o niñas, de algodón.
3305.90.19.00.00;Brillantinas, aceites, lociones o tónicos, enjuagues y acondicionadores para el cabello.
0101.21.00.00.00;Caballos vivos reproductores de raza pura.
0302.89.30.00.00;Cabrillas (Epinephelus spp., Paralabrax spp.), frescas o  refrigeradas, excepto los hígados, huevas y lechas.
1801.00.00.00.00;Cacao en grano, entero o partido, crudo o tostado.
1805.00.00.00.00;Cacao en polvo sin adición de azúcar ni otro edulcorante.
0901.11.30.00.00;Café oro, sin tostar y sin descafeinar.
0901.22.00.00.00;Café tostado, descafeinado.
0901.21.00.00.00;Café tostado, sin descafeinar.
4819.10.00.00.00;Cajas de papel o cartón corrugados.
4819.20.90.00.10;Cajas multicapas de cartón, con hojas de plástico y aluminio (tipo tetra brik).
4819.20.20.00.00;Cajas plegables de papel o cartón sin corrugar.
4819.20.90.00.90;Cajas y cartonajes plegables de  papel  o  cartón sin corrugar, excepto cartonajes destinados  a  ensamblarse en envases para bebidas.
3923.10.90.00.00;Cajas, cajones, jaulas y artículos similares de plástico.
0709.93.00.00.00;Calabazas (zapallos), y  calabacines (Cucurbita spp.), frescas o refrigeradas.
0307.49.11.00.00;Calamares y potas, en presentación superior a 3 kg, ahumados, incluso  pelados  o  cocidos  durante  el ahumado, secos, salados o en salmuera.
6217.10.39.00.00;Calcetines, calzas (medias  largas), y  artículos  similares,  confeccionados.
2104.10.11.00.00;Caldos homogeneizados y deshidratados, presentados en forma de tabletas, pastillas, cubitos o demás  formas comprimidas o en polvo a base de carne incluso de sus extractos o jugos, acondicionadas para la venta al por menor.
6115.21.90.00.00;Calzas y panty-medias de fibras sintéticas, de título inferior  a 67 decitex por hilo sencillo.
6107.11.00.00.00;Calzoncillos, (incluidos los  largos  y  los slips, de punto,  para hombres o niños, de algodón.
0306.16.90.00.00;Camarones  y  langostinos,  de  agua fría (Pandalus spp.,  Crangon  crangon), congelados, excepto ahumados.
0306.17.11.00.00;Camarones cultivados, sin ahumar, congelados.
1605.29.00.00.00;Camarones, langostinos y demás decápodos natantia,  preparados o  conservados, presentados  en  envases   herméticos.
6105.10.00.00.00;Camisas de punto, para hombres o niños, de algodón.
6205.20.19.00.90;Camisas para hombres con valor CIF mayor o igual  de B/.66.00 la docena, de algodón, excepto hechas totalmente a mano.
6205.20.11.00.90;Camisas para hombres con valor CIF menor de B/.66.00 la docena, de algodón, excepto hechas totalmente a mano.
6206.40.10.00.90;Camisas,  blusas  y  blusas  camiseras  para  mujeres, de  fibras sintéticas o artificiales.
6206.30.10.00.00;Camisas,  blusas  y  blusas  camiseras  para  mujeres, de algodón.
6106.10.10.00.00;Camisas,  blusas  y  blusas camiseras, de punto, para mujeres, de algodón.
6206.90.10.00.00;Camisas, blusas y  blusas camiseras para mujeres, de las  demás materias textiles.
6203.39.10.00.00;Camisillas, guayaberas  y  otros sacos camisas para hombres o niños, de las demás materias textiles.
4911.10.19.00.90;Carteles  y afiches publicitarios, excepto  para películas cinematográficas o videopelículas y los  de  carácter turísticos.
0303.81.00.00.00;Cazones  y  demás  escualos, congelados, excepto los  hígados, huevas y lechas.
2523.29.00.00.00;Cemento portland, excepto cemento blanco.
3816.00.00.00.00;Cementos,  morteros, hormigones  y  preparaciones similares, refractarios, excepto grafito  artificial, coloidal  o  semicoloidal.
2203.00.00.00.00;Cerveza de malta.
3305.10.20.00.00;Champúes líquidos, incluso medicamentosos.
7905.00.00.00.00;Chapas, hojas y tiras, de cinc.
6203.32.90.00.00;Chaquetas (sacos), para hombres  o  niños, de algodón,  excepto camisillas, guayaberas y sacos camisas.
6204.32.00.00.00;Chaquetas (sacos), para mujeres o niñas, de algodón.
1704.10.00.00.00;Chicles y demás gomas de mascar, incluso recubiertos de azúcar.
1806.31.00.00.00;Chocolate   y   demás  preparaciones  alimenticias  que  contengan cacao en bloques, tabletas o barras, rellenas.
0302.46.00.00.00;Cobias  (Rachycentron  canadum), frescos  o  refrigerados,  excepto los hígados, huevas y lechas.
0306.11.13.00.00;Colas de langostas (Palinurus spp., Panulirus spp. y Jasus spp.), congeladas, sin pelar ni ahumar.
9404.29.00.00.00;Colchones de otras materias.
2009.89.31.00.20;Concentrado  de jugo de mango sin fermentar y sin  adición de alcohol, incluso con adición de azúcar u otro edulcorante.
2103.90.39.00.00;Condimentos y sazonadores compuestos, excepto para la fabricación de embutidos.
1704.90.10.00.00;Confites,  caramelos,  pastillas,  gomas  azucaradas y  bombones.
6204.23.19.00.00;Conjuntos de fibras  sintéticas  para  mujeres, excepto con  pantalón corto (calzón), o shorts.
6203.22.00.00.00;Conjuntos para hombres o niños, de algodón.
0304.89.40.00.00;Corvinas (Sciaena spp.), en filetes congeladas, excepto los hígados, huevas y lechas.
0302.89.40.00.00;Corvinas (Sciaena spp.), frescas  o  refrigeradas, excepto  los hígados, huevas y lechas.
4820.20.90.00.00;Cuadernos, incluso los  cuadernillos o libretas, excepto de  raya ancha, doble raya, caligrafía, cuadriculado, de música y de dibujo.
4104.19.11.00.00;"Cueros y pieles curtidos  o  (<<crust>>)  de  bovino, enteros,  depilados, de semicurtición  mineral  al  cromo húmedo (<<wet  blue>>), con  una  superficie  por  unidad inferior o  unidad  inferior  o  igual  a  2.6 m2 (28 pies  cuadrados),  excepto  en plena flor  sin  dividir; divididos con la flor."
4103.20.10.00.00;Cueros y pieles de lagarto en bruto (frescos o salados, secos, encalados, piquelados  o conservados  de  otro modo, pero sin curtir, apergaminar ni  preparar  de otra forma), incluso depilados  o divididos, excepto los excluidos por las notas 1 (b) o 1 (c) de este capítulo.
3925.10.00.00.00;Depósitos, cisternas, cubas y recipientes análogos, de capacidad superior a 300 litros, de plástico.
3915.90.00.00.00;Desechos, desperdicios y recortes de plástico, excepto de  etileno, estireno y cloruro de vinilo.
3915.10.00.00.00;Desechos, desperdicios y recortes de polímeros de etileno.
7204.29.00.00.00;Desperdicios  y  desechos,  de  acero  aleados, excepto  inoxidable.
4707.30.00.00.00;Desperdicios  y desechos de papel o cartón obtenido principalmente a partir  de  pasta  mecánica (por ejemplo: diarios, periódicos e impresos similares).
7204.30.00.00.00;Desperdicios y desechos de hierro o de acero, estañados.
7112.91.00.00.00;Desperdicios y desechos de oro o de chapado (plaqué), de oro, excepto las  barreduras que contengan  otro metal precioso.
4707.10.00.00.00;Desperdicios y desechos de papel o  cartón  kraft  crudo o papel o cartón corrugados.
7001.00.00.00.00;"Desperdicios y desechos de vidrio; vidrio en masa."
7602.00.00.00.00;Desperdicios y desechos, de aluminio.
7404.00.00.00.00;Desperdicios y desechos, de cobre.
7204.10.00.00.00;Desperdicios y desechos, de fundición, de hierro o acero.
0206.10.00.00.00;Despojos comestibles  de  animales de  la  especie  bovina, frescos o refrigerados.
0206.29.00.00.90;Despojos comestibles de animales de la especie bovina congelados, excepto arrachera.
3402.20.12.00.00;Detergentes y limpiadores, a base de agentes  de  superficies, acondicionados para la venta al  por menor, en polvo, escamas, copos, virutas y gránulos o en glóbulos.
0304.89.20.00.00;Dorados  (Coryphaena  hippurus), en  filetes  congelados,  excepto los hígados, huevas y lechas.
0302.89.20.00.00;Dorados (Coryphaena hippurus), frescos  o  refrigerados, excepto los hígados, huevas y lechas.
1601.00.39.00.00;"Embutidos  y  productos  similares de carne, despojos o  sangre;  preparaciones  alimenticias de porcino, excepto envasados herméticamente o al vacío."
7612.90.92.00.00;Envases  para cervezas  o  bebidas gasificadas, de capacidad inferior o igual a 300 l, de aluminio.
4823.70.10.00.10;Envases de pulpa moldeada para portar o envasar huevos, de pasta de papel.
4819.50.20.00.00;Envases para huevos, de papel, cartón, guata  de celulosa o napa de fibras de celulosa.
6802.99.19.00.00;Estatuillas  y  demás objetos de adorno, de las demás  piedras, excepto las imágenes destinadas al culto.
3926.40.00.00.00;Estatuillas y demás artículos de adornos, de plástico.
4420.10.00.00.90;Estatuillas y demás objetos de adorno, de madera.
9403.20.93.00.00;Exhibidores de mercancía, de metal.
9403.20.13.00.00;Exhibidores de mercancías, de metal, que descansen en el suelo.
9403.70.11.00.00;Exhibidores de mercancías, plásticos que descansen en el suelo.
6204.53.20.00.00;Faldas y faldas pantalón, para mujeres, de fibras sintéticas.
0304.39.00.00.00;"Filetes y demás carne (incluso picada), frescas  o refrigerada,  de  carpas (Cyprinus  spp.; Carassius  spp; Ctenopharyngodon idellus, Hypophthalmichthys spp., Cirrhinus spp.; Mylopharyngodon  piceus),Catla catla, Labeo spp., Osteochilus hasselti, Leptobarbus hoeveni, Megalobrama  spp.), frescos o refrigerados."
0604.20.90.00.90;"Follajes, hojas, ramas y demás partes  de  plantas, sin flores ni capullos; hierbas, musgos y líquenes, para ramos  o adornos, frescos, excepto árboles de navidad."
3808.92.20.00.00;Fungicidas para uso agropecuario.
1905.90.30.00.00;Galletas de soda o saladas.
1905.31.90.00.00;Galletas dulces (con adición de edulcorante), incluso  rellenas, excepto que contengan cacao.
2711.13.00.00.00;Gas butano, licuado.
2208.50.00.00.00;Gin y ginebra.
1104.12.00.00.00;Granos aplastados o en copos de avena.
1501.90.00.00.00;Grasas de aves, excepto las de las partidas 02.09 o 15.03.
1504.20.00.00.00;Grasas y aceites de  pescado  y  sus  fracciones, excepto    los aceites de hígado, incluso refinados, pero sin modificar químicamente.
6216.00.90.00.00;Guantes, mitones y manoplas, excepto para trabajadores.
2301.20.10.00.00;Harina de pescado.
2301.10.00.00.00;"Harina,  polvo y <<pellets>>, de carne o de despojos; chicharrones."
3926.90.61.00.00;Hieleras de plástico.
0206.22.00.00.00;Hígados de la especie bovina, congelados.
4408.90.00.00.00;Hojas para chapado (incluidas las obtenidas por cortado de madera estratificada), para contrachapado o para otras maderas estratificadas similares y demás maderas aserradas longitudinalmente, cortadas o  desenrolladas, incluso cepilladas, lijadas unidas longitudinalmente o por los extremos, de espesor inferior o igual a 6 mm.
0711.51.00.00.00;Hongos  del género agaricus, conservados provisionalmente, (por ejemplo: con gas sulfuroso o con agua salada, sulfurosa o adicionada de otras  sustancias  para asegurar dicha conservación), pero  todavía  impropias  para consumo  inmediato.
0407.11.00.00.00;Huevos de la especie  Gallus domesticus, con cáscara (cascarón), frescos, fecundados para incubación.
4911.10.40.00.00;Impresos  publicitarios  turísticos con propaganda de firma local, de distribución gratuita.
3808.91.10.00.00;Insecticidas para uso agropecuario.
3808.91.99.00.00;Insecticidas, excepto para uso agropecuario, en espirales   o mechitas, papel  matamosca  y  papel  impregnado  en  insecticidas.
3401.11.10.00.00;"Jabón para el baño, de belleza o desodorante, incluso con  abrasivos, jabón  desodorante, jabón de  glicerina  para  el baño, incluso con sustancias  bacteriostáticas; preparaciones orgánicas tensoactivas usadas  como  jabón  de baño,   de belleza  o  desodorante, incluso  con  sustancias bacteriostáticas."
3401.11.30.00.00;Jabones medicinales o desinfectantes, excepto los productos corrientes con adición de sustancias bacteriostáticas.
2009.41.00.00.00;Jugo de piña (ananá), de valor Brix inferior o igual a 20, sin fermentar  y sin adición de alcohol, incluso  con adición de azúcar u otro edulcorante.
2009.89.92.00.00;Jugos   de  melocotón   o  durazno,  sin  mezclar,  sin  fermentar y sin adición de alcohol, incluso con adición  de azúcar u otro edulcorante.
2009.89.94.00.00;Jugos  de  pera  sin  mezclar, sin  fermentar  y  sin  adición de  alcohol, incluso  con  adición de azúcar  u otro edulcorante.
2009.89.91.00.90;Jugos de frutas tropicales sin mezclar, sin fermentar y  sin adición de alcohol, incluso  con adición  de azúcar  u otro edulcorante.
2009.89.91.00.20;Jugos de mango sin mezclar, sin fermentar y sin adición de alcohol, incluso con adición de azúcar  u otro edulcorante.
2009.19.10.00.00;Jugos de naranja sin fermentar y sin adición de alcohol, incluso con adición de azúcar u otro edulcorante, concentrado.
0303.55.00.00.00;Jureles (Trachurus spp.), congelados, excepto los hígados, huevas y lechas.
2103.20.10.00.00;Kétchup, incluso con picante.
3305.30.00.00.00;Lacas para el cabello.
6902.10.00.00.00;Ladrillos, placas, baldosas  y  piezas  cerámicas análogas  de  construcción,   refractarios,   excepto   los  de  harinas  silíceas  fósiles  o  de   tierras  silíceas  análogas,  con  un  contenido  de  los  elementos  Mg  (magnesio), Ca  (calcio),  o  Cr  (cromo),   considerados   aislados  o  conjuntamente,  superior al  50%  en peso, expresados  en  MgO (óxido  de magnesio), Co (óxido de calcio), u Cr2O3 (óxido crómico).
1212.29.90.00.00;Las  demás  algas  frescas, refrigeradas, congeladas  o secas, incluso pulverizadas.
3304.99.19.00.00;Las  demás  cremas de belleza, de maquillaje, para el cuidado de la  piel, excepto las  preparaciones  antisolares o  bronceadoras.
6913.90.00.00.90;Las  demás  estatuillas y demás artículos  para adorno, de cerámica.
6810.99.00.00.00;Las  demás  manufacturas de cemento, hormigón o piedra artificial, incluso armadas.
2009.90.90.00.00;Las  demás  mezclas  de  jugos, sin  fermentar y sin  adición de alcohol, incluso con adición  de  azúcar u   otro edulcorante.
2106.90.99.00.90;Las  demás  preparaciones alimenticias no expresadas ni comprendidas en otras partes, excepto jalea real.
2103.20.99.00.00;Las  demás  salsas  de tomate, excepto con un contenido  de extracto seco de tomate igual o superior al 5% en peso.
6205.90.19.00.00;Las  demás camisas para hombres, de las demás materias textiles.
3926.90.99.00.90;Las  demás manufacturas de plástico de las  demás materias de las partidas 39.01 a  39.14.
6211.32.90.00.00;Las  demás prendas de vestir para hombres  o  niños, de  algodón.
7610.90.99.00.00;Las demás  partes  o  elementos preparados para  la construcción, de aluminio.
0803.90.90.00.00;Las demás bananas, excepto (Musa balbisiaca acuminata, Musa paradisiaca o Musa fapientum), frescas o secas.
7117.90.20.00.00;Las demás bisuterías que estén constituidas, por lo menos, de  dos  o  más  materias  distintas, prescindiendo  de  los  simples dispositivos de unión.
6115.95.00.00.00;Las demás calzas, panty-medias, leotardos, medias calcetines y demás artículos de calcetería, de algodón.
6115.96.00.00.00;Las demás calzas, panty-medias, leotardos, medias calcetines y demás artículos de calcetería, de fibras sintéticas.
0304.99.00.00.00;Las demás carnes  de pescados  congelados, excepto peces espada, austromerluzas, tilapias, abadejo  de  Alaska,  peces de las familias Bregmacetidae, Euclihthyidae, Gadidae, Macrouridae, Melanonidae,  Merlucciidae,  Moridae y Muraenolepididae.
0203.29.00.00.00;Las demás carnes de  animales  de  la  especie porcina,  congeladas.
4820.30.39.00.00;Las demás carpetas o cartapacios  de  archivos, excepto  tipo pendaflex y de presentación, de papel o cartón.
7308.90.90.00.00;"Las demás construcciones  y  sus partes  de fundición, hierro o acero, excepto las construcciones prefabricadas de la partida 94.06; chapas, barras, perfiles, tubos y similares de fundición, hierro o acero, preparados para la construcción."
9406.90.90.00.90;Las demás construcciones prefabricadas.
4821.10.90.00.00;Las demás etiquetas de  todas clases  impresas, excepto  para cuaderno, de doble control («twin check»), para revelado de fotografía y de los tipos fabricados en el país.
4821.10.30.00.00;Las demás etiquetas impresas de los  tipos  fabricados en  el país de papel o cartón.
6505.00.39.00.00;Las demás gorras y quepis, incluso guarnecidas, de punto o confeccionadas  con  encajes, fieltro  u  otros  productos textiles en pieza.
4407.29.00.00.00;Las demás maderas aserradas o desbastadas longitudinalmente, cortadas  o  desenrolladas, incluso  cepilladas, lijadas  o  unidas  por  los  extremos, de  espesor  superior a  6 mm, de las  maderas  tropicales, citadas en  la  nota de  subpartida 1 de este capítulo.
4407.99.00.00.00;Las demás maderas aserradas o desbastadas longitudinalmente, cortadas  o  desenrolladas, incluso  cepilladas, lijadas  o  unidas  por  los  extremos, de  espesor  superior a  6 mm.
4403.99.00.00.00;Las demás maderas en bruto, incluso descortezadas,  desalburadas o escuadradas.
4403.49.00.00.90;Las demás maderas, incluso descortezadas, desalburadas o escuadradas  de  las  maderas  tropicales  citadas  en la  nota de subpartida 2 de este capítulo.
4421.99.99.00.90;Las demás manufacturas de madera, excepto con los extremos redondeados, de los tipos utilizados para helados y similares.
7326.20.90.00.90;Las demás manufacturas, de alambre, de hierro o acero.
7326.90.90.00.00;Las demás manufacturas, de hierro o acero, excepto forjadas.
3302.10.99.00.00;Las demás mezclas de sustancias odoríferas y mezclas (incluidas las disoluciones alcohólicas), a base de una o varias de estas sustancias, de los tipos utilizados en las industrias alimentarias.
3920.20.10.00.00;Las demás placas, láminas, hojas  y  tiras, de  plástico no  celular  y sin refuerzo estratificación ni  soporte o combinación similar con otras materias de polímeros de  propileno, en bobinas sin impresión.
3920.20.90.00.90;Las demás placas, láminas, hojas  y  tiras, de  plástico no celular  y sin refuerzo estratificación ni  soporte o combinación similar con otras materias de polímeros de  propileno, excepto en bobinas sin impresión.
3920.10.10.00.00;Las demás placas, láminas, hojas  y  tiras, de  plástico no celular y sin refuerzo, estratificación ni soporte o  combinación similar con otras materias de polímeros de  etileno en bobinas, sin impresión. 
3921.90.99.00.00;Las demás placas, láminas, hojas y tiras de plástico.
3402.20.90.00.00;Las demás preparaciones acondicionadas  para la venta al por menor.
2309.90.99.00.00;Las demás preparaciones de los utilizados para la alimentación de los animales.
1602.49.90.00.90;Las demás preparaciones y conservas de carne, despojos o sangre, incluidas  las  mezclas  de  la  especie  porcina,  excepto envasadas herméticamente o al vacío.
3215.19.90.00.00;Las demás tintas de imprimir, excepto negras  y  para máquinas codificadoras.
7310.21.90.00.00;Latas o botes  para  cerrar por soldadura  o  rebordeado de  capacidad inferior a 50 l, excepto para aerosol.
0402.99.93.00.00;Leche condensada.
0402.91.92.00.00;Leche y nata (crema), sin adición de azúcar ni otro edulcorante, evaporadas, con un  contenido  de  materias grasas, superior a 1.5% en peso, excepto de cabra.
0303.33.00.00.00;Lenguados  (Solea  spp.),  congelados, excepto  filetes, hígados, huevas y lechas.
0302.23.00.00.00;Lenguados (Solea spp.), frescos o refrigerados, excepto los hígados, huevas y lechas.
0206.21.00.00.00;Lenguas de la especie bovina, congeladas.
4901.10.90.00.00;Libros, folletos e impresos similares, en  hojas  sueltas,  incluso plegadas, excepto los pornográficos.
3307.10.21.00.00;Lociones  para después del afeitado a  base  de  alcoholes desnaturalizados (tipo Bay Rum, Menticol y similares).
1604.14.10.00.00;Lomos de atún, cocidos, congelados, enteros o en trozos, excepto picado.
3923.90.99.00.00;Los  demás  artículos  para  el  transporte  o envasado, de plástico.
2009.79.90.00.00;Los  demás  jugos  de  manzana, sin  fermentar y sin  adición  de  alcohol,  incluso con adición de azúcar u   otro edulcorante.
4901.99.90.00.00;Los  demás  libros, folletos  e impresos similares, excepto pornográficos.
4804.19.00.00.00;Los  demás  papeles  y  cartones  para  caras (cubiertas), («kraftliner»), excepto crudos.
4804.59.00.00.00;Los  demás  papeles  y  cartones kraft, de peso superior o igual a 225 g/m², sin estucar ni recubrir.
7318.15.00.00.00;Los  demás  tornillos  y  pernos roscados  incluso con sus tuercas y arandelas, de fundición, hierro o acero.
4911.10.99.00.90;Los  demás impresos publicitarios, catálogos  comerciales y similares.
6204.69.29.00.00;Los  demás pantalones largos para mujeres o niñas, de las demás materias textiles.
4707.90.00.00.00;Los  demás papeles o cartones, incluidos los desperdicios y desechos sin clasificar.
7216.61.90.00.00;Los  demás perfiles de hierro o acero sin alear, simplemente acabados en frío, obtenidos a partir de productos laminados planos.
7007.19.00.00.00;Los  demás vidrios de seguridad  templado, excepto con con dimensiones y formatos que permitan su empleo en  automóviles, aeronaves, barcos u otros vehículos.
6307.90.99.00.90;Los demás  artículos  confeccionados, incluidos  los patrones para prendas de vestir.
4822.90.90.00.00;Los demás  carretes, bobinas, canillas  y  soportes similares, de  pasta de papel, papel o cartón, incluso perforados o endurecidos, excepto para la industria del papel.
3824.40.90.00.00;Los demás aditivos preparados  para  cemento, morteros u hormigones.
3402.90.90.00.00;"Los demás agentes de superficie orgánicos, (excepto el  jabón); preparaciones  tensoactivas, preparaciones para   lavar, (incluidas las preparaciones auxiliares  del lavado),  y preparaciones  de  limpieza, aunque  contengan jabón, excepto las de la partida 34.01."
1108.19.00.00.90;Los demás almidones y féculas.
4602.90.00.00.00;"Los demás artículos  de  cestería  obtenidos  directamente  en su forma con  materia trenzable  o  confeccionados con  artículos  de la partida 46.01; manufacturas  de esponja vegetal (paste o «lufa»)."
3924.90.19.00.00;Los demás artículos de economía doméstica, de plástico.
3925.90.90.00.90;Los demás artículos plásticos, para la construcción, no expresados ni comprendidos en otra parte.
9401.79.00.00.00;Los demás asientos con armazón de metal.
3923.30.90.00.90;Los demás bombonas, botellas, frascos y  artículos similares, de plástico.
0201.30.00.00.90;Los demás cortes (trozos), deshuesada, de carne de animales de la especie bovina, fresca o refrigerada.
0202.20.00.00.90;Los demás cortes (trozos), sin deshuesar, de carne de animales de la especie bovina, congelada.
0202.30.00.00.90;Los demás cortes (trozos), sin deshuesar, de carne de animales de la especie bovina, congelada.
7309.00.90.00.00;Los demás depósitos, cisternas, cubas y recipientes similares para cualquier materia, (excepto gas comprimido o licuado), de fundición, hierro o acero de capacidad superior a 300 l, pero inferior a 500 l, sin dispositivos mecánicos ni térmicos, incluso con  revestimiento interior o calorífico.
3808.94.99.00.90;Los demás desinfectantes.
7204.49.00.00.00;Los demás desperdicios y desechos de  fundición, hierro o acero.
4819.50.90.00.00;Los demás envases, incluidas las fundas  para  discos, de papel, cartón, guata de celulosa  o  napa  de fibras de celulosa.
3004.90.99.00.00;Los demás medicamentos, (excepto los  productos de las partidas 30.02,  30.05 o 30.06) constituidos por productos  mezclados o sin mezclar, preparados para usos terapéuticos o profilácticos, dosificados  o  acondicionados para la venta al por menor.
0307.99.90.00.00;Los demás moluscos, incluidos la harina, polvo y <<pellets>> de moluscos, aptos  para  la  alimentación humana, secos, salados o en salmuera, excepto ahumados.
9403.60.00.00.00;Los demás muebles de madera.
9403.20.19.00.00;Los demás muebles de metal, que descansen en el suelo.
9403.70.19.00.00;Los demás muebles de plástico que descansen en el suelo,  excepto exhibidores plásticos.
9403.20.99.00.00;Los demás muebles, de metal.
4806.20.90.00.00;Los demás papeles resistentes a las grasas (<<greaseproof>>).
4811.90.44.00.00;Los demás papeles, cartones, guata de celulosa y napa de fibras de celulosa con impresión para empacar  o  envolver, con anuncios publicitarios.
4811.90.43.00.00;Los demás papeles, cartones, guata de celulosa y napa de fibras de celulosa con impresión para empacar  o  envolver, sin anuncios publicitarios.
0303.89.00.00.00;Los demas pescados congelados, excepto filetes, hígados, huevas y lechas.
0511.99.90.00.00;"Los demás productos  de origen  animal  no expresados ni comprendidos   en  otra  parte;  animales  muertos  de los  capítulos 1 o 3, impropios   para la  alimentación humana, excepto cochinilla, huevos, embriones, crin y las esponjas naturales."
1905.90.90.00.00;"Los demás productos de panadería, pastelería o galletería incluso con adición de cacao; sellos vacíos del tipo de los utilizados  para  medicamentos, pastas  secas  de harina,  almidón o fécula, en hojas y productos similares."
0406.90.90.00.90;Los demás quesos, excepto quesos cheddar y muenster.
0302.19.00.00.00;Los demás salmónidos, frescos o refrigerados, excepto los hígados, huevas y lechas.
6204.69.19.00.00;Los demás shorts y  pantalones cortos (calzones), para mujeres o niñas, de  las demás  materias  textiles, incluso  con peto.
6110.20.00.00.90;Los demás suéteres (jerseys), pullovers, cardigans, chalecos y artículos similares, de punto, de algodón.
3923.50.90.00.00;Los demás tapones, tapas, cápsulas y demás dispositivos de cierre, de plástico.
3917.23.90.00.00;Los demás tubos rígidos de polímeros de cloruro de vinilo.
2208.60.90.00.00;Los demás vodka.
3824.99.99.00.90;Los demás, productos químicos y preparaciones  de  la industria química o de  las industrias conexas (incluidas las mezclas de productos  naturales), no  expresados ni comprendidos en otra parte.
4409.10.90.00.00;Madera (incluidas las tablillas y frisos para parqués, sin ensamblar), perfilada longitudinalmente (con  lengüetas, ranuras, rebajes, acanalados, biselados, con juntas en  V, moldurados, redondeados o similares), en una  o  varias caras, cantos  o  extremos, incluso  cepillada, lijada  o  unida por  los extremos, de coníferas.
4407.11.90.00.00;Madera aserrada o desbastada longitudinalmente, cortada o desenrollada, de  pino (Pinus spp.), de espesor superior a  6 mm, excepto con marcadas  señales de uso, incluso cepillada o lijada.
1804.00.00.00.00;Manteca, grasa y aceite de cacao.
2103.90.21.00.00;Mayonesa, incluso compuesta.
3003.90.92.00.00;Medicamentos,  (excepto  los  productos  de  las partidas  30.02, 30.05 o 30.06), constituido  por  productos mezclados entre sí, preparados para usos terapéuticos o profilácticos, sin dosificar ni acondicionar para la venta al por menor, para uso veterinario.
0308.30.99.00.00;Medusas   ( Rhopilema  spp.), secas, saladas o en salmuera, excepto ahumadas.
1703.10.90.00.00;Melaza de caña, excepto comestible.
0807.19.00.00.00;Melones frescos.
0302.54.00.00.00;Merluzas (Merluccius  spp., Urophycis  spp.),  frescos o  refrigerados, excepto los hígados, huevas y lechas.
0304.89.70.00.00;Meros (Epinephelus guaza), en filetes congelados, excepto los hígados, huevas y lechas.
0302.89.70.00.00;Meros (Epinephelus guaza), frescos o refrigerados, excepto los hígados, huevas y lechas.
2603.00.00.00.00;Minerales de cobre y sus concentrados.
4202.92.10.00.00;Mochilas, morrales, sacos de viajes, maletines de  escolares, bolsas de compra, bolsas  de  gimnasia, estuches de  viaje (neceseres), attachés, sombrereras, bolsas  de aseo y artículos análogos con la superficie exterior  de hojas de plásticos o materia textil.
9403.50.00.00.00;Muebles de madera  de los tipos utilizados en dormitorios.
9403.40.00.00.00;Muebles de madera de los tipos utilizados en cocinas.
9403.30.00.00.00;Muebles de madera de los tipos utilizados en oficinas.
9403.10.00.00.00;Muebles de metal de los tipos utilizados en oficinas.
9503.00.92.00.00;Muñecas y muñecos, incluso vestidos. 
0805.10.00.00.00;Naranjas, frescas o secas.
0401.50.20.00.00;Nata (crema), sin concentrar, sin adición de azúcar ni  otro edulcorante con un contenido de materias grasas, superior al 10%, en peso.
3926.90.62.00.00;Neveras isotérmicas de plástico.
2804.30.00.00.00;Nitrógeno.
0714.30.20.00.00;Ñames (Dioscorea  alata), fresca, refrigerada, congelada  o seca, incluso troceada o en <<pellets>>.
1302.19.60.00.00;Oleorresinas de vainilla o extracto de vainilla.
7108.12.00.00.00;Oro,  incluido  el oro platinado de las demás  formas en bruto, para uso no monetario.
0603.13.00.00.00;Orquídeas frescas.
1602.32.90.00.90;Otras  preparaciones  y  conservas  de  carne,  despojos o   sangre, de aves de la especie Gallus domesticus, excepto muslos y piernas.
0910.99.90.00.00;Otras especies.
7616.99.99.00.90;Otras manufacturas, de aluminio.
1604.20.20.00.00;Otras preparaciones y conservas de pescado en envases  no herméticos ni al vacío.
3907.50.90.00.00;Otras resinas alcídicas, excepto con aceites secantes o con aceite de coquito (palma).
2208.40.90.00.00;Otros  aguardientes  procedentes de la destilación, previa fermentación, de productos de la caña de azúcar.
0306.36.99.00.00;Otros crustáceos, aptos para la alimentación humana, frescos o refrigerados, excepto ahumados.
1212.99.90.00.00;Otros huesos  (carozos) y almendras de  frutos y demás  productos  vegetales,  empleados  principalmente  en  la  alimentación humana, no  expresados  ni  comprendidos  en otra  parte, frescos, refrigerados, congelados o secos  incluso pulverizadas.
4911.99.90.00.00;Otros impresos.
0304.89.90.00.00;Otros pescados en filetes congelados, excepto los hígados, huevas y lechas.
0302.89.90.00.00;Otros pescados frescos o refrigerados, excepto los hígados, huevas y lechas.
7210.41.90.00.00;Otros productos laminados planos de hierro o acero sin alear, de anchura superior o igual a 600 mm, chapados o revestidos, cincados de otro modo, ondulados.
3923.21.90.00.00;Otros sacos, (bolsas), bolsitas y cucuruchos de polímeros  de etileno.
7608.20.90.00.00;Otros tubos de aleaciones, de aluminio.
2804.40.00.00.00;Oxígeno.
4415.20.90.00.00;"Paletas,  paletas caja y demás plataformas para carga; de madera."
1905.90.21.00.00;Pan y galletas de mar, sin adición de azúcar, miel, huevos, materias grasas, queso o frutas.
6203.42.22.00.00;Pantalones largos  sin  peto, para  hombres, con  valor CIF  superior a B/.100.00 la docena, de algodón.
6104.69.00.00.00;Pantalones largos o cortos (calzones), con peto y shorts,  de punto, para  mujeres  o  niñas, de  las demás materias  textiles.
6103.42.00.00.00;Pantalones largos o cortos (calzones), con peto y shorts, de punto para  hombres o niños, de algodón.
0807.20.00.00.00;Papayas frescas.
4811.41.90.00.90;Papel  y  cartón  engomados, adhesivos  o  autoadhesivos,  excepto en bobinas (rollos).
4818.10.00.00.00;Papel higiénico de pasta de papel.
4802.54.31.00.00;Papel tipo bond o  tablet, papel cebolla, papel para escribir máquina y  demás  papeles  para  correspondencia, sin impresión, en bobinas (rollos), o en hojas cuadradas o rectangulares en las que un lado sea superior  o  igual a 50.8 cm  y el otro sea  superior  o  igual a 76.2 cm, sin plegar (superior o igual a 20 x 30),  de peso inferior 40 g/m².
4818.20.20.00.00;Papel toalla.
0304.89.10.00.00;Pargos (Lutjanus spp.), en filetes congelados, excepto los hígados, huevas y lechas.
0302.89.10.00.00;Pargos (Lutjanus spp.), frescos o  refrigerados, excepto los hígados, huevas y lechas.
1803.10.00.00.00;Pasta de cacao, sin desgrasar.
1902.19.00.00.00;Pastas  alimenticias sin cocer, rellenar ni preparar de otra forma, excepto que contengan huevo.
0303.57.00.00.00;Peces  espada (Xiphias gladius), congelados, excepto filetes, hígados, huevas y lechas.
0302.47.00.00.00;Peces espada (Xiphias  gladius), frescos  y  refrigerados, excepto los hígados, huevas y lechas.
3212.90.19.00.00;Pigmentos (incluidos el polvo y escamillas  metálicas), dispersos en medios no acuosos, líquidos o en  pasta, de los tipos utilizados para la fabricación de pinturas, excepto de aluminio.
3209.10.19.00.00;Pinturas a base de polímeros acrílicos o vinílicos, excepto para serigrafía.
3208.90.19.00.90;"Pinturas a base de polímeros sintéticos o naturales modificados, dispersos o disueltos en  un medio  no acuoso; excepto a base de poliésteres, polímeros acrílicos o vinílicos, excepto en aerosol y para serigrafía."
0804.30.00.00.00;Piñas (ananás), frescas o secas.
3919.90.90.00.00;Placas,  láminas,  hojas, cintas, tiras y demás formas planas autoadhesivas,  excepto  de  polipropileno en rollos.
3919.10.90.00.00;Placas,  láminas,  hojas, cintas, tiras y demás formas planas, autoadhesivas de plástico, en rollos, de  anchura inferior o igual a 20 cm, excepto para uso eléctrico.
0803.10.10.00.00;Plátanos <<plantains>> frescos.
7801.91.00.00.00;Plomo  en  bruto con antimonio como el otro elemento predominante en peso.
3901.20.00.00.00;Polietileno de densidad superior o igual a 0.94.
3304.91.90.00.00;"Polvos faciales con valor CIF inferior a  B/.30.00 el kilo bruto; polvos para el cuerpo (talcos), con  valor  CIF  inferior a  B/.10.00 el kilo bruto y demás polvos."
4418.60.00.00.00;Postes y vigas.
3923.30.60.00.00;Preformas de PET.
6209.90.10.00.00;Prendas  y  complementos (accesorios), de vestir, para  bebés de lana o pelo fino.
6111.20.90.00.00;Prendas y complementos (accesorios), de vestir, de punto, para bebés, de algodón, excepto camisas hasta talla 4T.
3305.90.90.00.00;Preparaciones  capilares,  excepto  champúes, brillantina,  pomadas, aceites, lociones o  tónicos, enjuagues, acondicionadores para el cabello, tintes  y  productos  decolorantes para el cabello.
1602.10.10.00.00;Preparaciones  homogeneizadas  de  carne, despojos o  sangre de bovino.
3305.20.00.00.00;Preparaciones  para  ondulación o desrizado permanentes.
1604.20.99.00.00;Preparaciones  y  conservas  de  pescado, envasados herméticamente o al vacío.
1604.20.93.00.00;Preparaciones  y  conservas  de  salmón, envasados herméticamente o al vacío.
1602.50.00.00.00;Preparaciones y conservas de  carne, despojos  o  sangre,  de la especie bovina.
3506.10.00.00.00;Productos   de   cualquier   clase  utilizados como  colas  o  adhesivos, acondicionados para la venta al por menor como colas o adhesivos, de peso neto inferior o igual a 1 kg. 
0511.91.90.00.00;"Productos de pescado  o  de  crustáceos, moluscos  o demás invertebrados acuáticos; animales  muertos  del capítulo 3 impropios para la alimentación humana, excepto escamas y sus desperdicios."
4418.20.00.00.00;Puertas y sus marcos, contramarcos y umbrales de madera.
7610.10.20.00.00;Puertas y ventanas, con o sin vidrio, de aluminio.
3925.20.00.00.00;Puertas, ventanas y sus  marcos, contramarcos  y  umbrales, de plástico.
7308.30.00.00.00;Puertas, ventanas y sus marcos, contramarcos y umbrales de fundición, hierro  o  acero, excepto  las  construcciones  prefabricadas de la partida 94.06.
0406.30.00.00.00;Queso fundido, excepto el rayado o en polvo.
0406.90.90.00.10;"Quesos Emmentaler; Gruyere; Appenzell; Edam; Feta; Gouda; Camembert; Brie; Cotija;  Chihuahua  (excepto  frescos)."
0714.10.00.00.00;Raíces de yuca (mandioca), frescas, refrigeradas, congeladas o secas, incluso troceadas  o  en <<pellets>>.
0304.48.00.00.00;Rayas (Rajidae), en filetes, frescos o refrigerados.
2208.40.10.00.00;Ron.
6302.60.00.00.00;Ropa de tocador  o  cocina, de tejido con bucles del tipo para toallas, de algodón.
3923.29.90.00.90;Sacos  (bolsas), bolsitas y cucuruchos de los demás plásticos.
4819.40.19.00.00;Sacos (bolsas), multipliegos, de papel, cartón, guata de celulosa  o napa  de  fibras  de  celulosa, excepto  para cemento, café molido o azúcar.
2501.00.30.00.90;Sal de mesa o cocina, excepto en envases inferiores o igual a 3 kg.
1604.11.00.00.10;Salmones enteros o en trozos, envasados herméticamente o al vacio.
2103.10.00.00.00;Salsa de soja (soya).
2103.20.91.00.00;Salsas de tomate, con un contenido de  extracto  seco de tomate igual o superior al 5% en peso.
2103.90.29.00.00;Salsas y aderezos, excepto mayonesa y salsa inglesa.
0807.11.00.00.00;Sandías frescas.
4818.30.10.00.00;Servilletas de pasta de  papel, papel, guata  de  celulosa o napa de fibras de celulosa.
9401.80.10.00.00;Sillas y asientos  de  materiales  plásticos  artificiales para niños.
4817.10.00.00.00;Sobres de papel o cartón, excepto sobres carta.
6504.00.90.00.00;Sombreros y demás tocados, trenzados o fabricados por  unión de tiras  de cualquier materia, incluso guarnecidos, excepto  gorras  y  quepis   con   anuncios  de  carácter  comercial y sombreros de paja o imitaciones de paja.
6110.90.00.00.00;Suéteres (jerseys), pullovers, cardigans,  chalecos y artículos similares, de punto, de las demás materias textiles.
6110.30.00.00.90;Suéteres (jerseys), pullovers, cardigans, chalecos  y artículos similares, de punto, de fibras  sintéticas o  artificiales.
2833.22.00.00.00;Sulfato de aluminio.
2401.10.90.00.00;Tabaco sin desvenar o desnervar, excepto  tabaco Virginia, Burley y Turco (oriental).
4411.12.12.00.00;Tableros  de fibra de densidad media (llamados <<MDF>>), de  espesor inferior o igual a 5 mm, sin  trabajo mecánico ni recubrimiento de  superficie  con  densidad  superior  a  0.35  g/cm³, sin exceder de 0.8 g/cm³.
3923.50.10.00.00;Tapas con cierre a presión, tapa  por  termoformado impresas con cierre (banda), de seguridad, tapas dispensadoras (push and pull), y tapas para botellas de kétchup.
3923.50.40.00.00;"Tapas, cápsulas y demás dispositivos  de cierre  para cosméticos; tapas  de forma cónica  con  logo  impreso, especiales para el envasado de blanqueadores  líquidos  en los  tamaños  de  38 mm, 33 mm; y  28 mm, y  tapas reductoras, de plástico. "
4909.00.11.00.00;Tarjetas postales sin franquear, con vistas de  la República  de Panamá.
4403.49.00.00.10;Teca en bruto, incluso descortezadas, desalburadas o escuadradas. 
0303.23.00.00.00;Tilapias  (Oreochromis  spp.), congeladas, excepto  filetes  hígados, huevas y lechas.
0304.61.00.00.00;Tilapias (Oreochromis spp.), en filetes, congelados.
3215.90.90.00.00;Tintas  para  escribir o dibujar y demás tintas, incluso concentradas o sólidas.
3215.11.90.00.00;Tintas de imprimir negras, excepto para máquinas codificadoras.
6306.19.90.00.00;Toldos  de  cualquier  clase, de  otras  materias  textiles,  excepto de algodón.
2306.60.00.00.00;Tortas  y  demás residuos sólidos de la extracción de grasas o aceites, de nuez o  de almendra  de  palma, incluso  molidos o en «pellets».
6204.12.29.00.00;Trajes sastre de algodón, para niñas, excepto hasta talla 6x.
0504.00.10.00.00;Tripas para la fabricación de embutidos.
3917.21.20.00.00;Tubos rígidos de polímeros de etileno con diámetro hasta 4 pulgadas, excepto para  sistema de regadío.
3924.10.81.00.00;Vajillas y artículos de batería de cocina, de plástico.
3924.10.90.00.00;Vajillas y demás artículos de  plástico  para  el  servicio de mesa o cocina.
3406.00.90.00.00;Velas, cirios y  artículos  similares, excepto  para  cumpleaños.
6204.43.10.00.00;Vestidos para mujeres, de fibras sintéticas.
2209.00.00.00.00;Vinagre y sucedáneos del vinagre  obtenidos  a  partir del  ácido acético.
6303.92.00.00.00;"Visillos y cortinas; guardamalletas y rodapiés de cama, de  fibras sintéticas, excepto de punto."
